{
  "narrow": {
    "train_loss": [
      1.0054486322402953,
      0.8641100692749023,
      0.7087294896443684,
      0.5960533054669698,
      0.5255396151542664
    ],
    "val_loss": [
      1.0210015789667766,
      0.8887919004758199,
      0.7481151088078817,
      0.6498290650049845,
      0.6028199982643128
    ],
    "train_accuracy": [
      0.5408333333333334,
      0.6541666666666667,
      0.7341666666666666,
      0.7733333333333333,
      0.8041666666666667
    ],
    "val_accuracy": [
      0.5066666666666667,
      0.6166666666666667,
      0.6933333333333334,
      0.7266666666666667,
      0.7433333333333333
    ]
  },
  "medium": {
    "train_loss": [
      0.6229848217964172,
      0.4411073891321818,
      0.35684078176816303,
      0.3056180926163991,
      0.24012135406335194
    ],
    "val_loss": [
      0.6897178475062052,
      0.54311927318573,
      0.4572982025146484,
      0.4272412077585856,
      0.3949235236644745
    ],
    "train_accuracy": [
      0.7783333333333333,
      0.8366666666666667,
      0.865,
      0.8925,
      0.9233333333333333
    ],
    "val_accuracy": [
      0.7333333333333333,
      0.7933333333333333,
      0.8,
      0.8233333333333334,
      0.8433333333333334
    ]
  },
  "wide": {
    "train_loss": [
      0.43753788153330486,
      0.28260056058565775,
      0.1983327442407608,
      0.11393546352783838,
      0.10246785993377368
    ],
    "val_loss": [
      0.5449107797940572,
      0.4344757684071859,
      0.42738701899846393,
      0.3970025646686554,
      0.44257574717203774
    ],
    "train_accuracy": [
      0.8266666666666667,
      0.8875,
      0.9283333333333333,
      0.9725,
      0.9741666666666666
    ],
    "val_accuracy": [
      0.77,
      0.8166666666666667,
      0.8266666666666667,
      0.8466666666666667,
      0.8433333333333334
    ]
  },
  "very_wide": {
    "train_loss": [
      0.4915266168117523,
      0.2809378534555435,
      0.21583927392959595,
      0.13890063802401226,
      0.0934665110707283
    ],
    "val_loss": [
      0.5734687900543213,
      0.435137201944987,
      0.4603438091278076,
      0.39085490425427755,
      0.48673928101857505
    ],
    "train_accuracy": [
      0.7975,
      0.9033333333333333,
      0.9125,
      0.9583333333333334,
      0.975
    ],
    "val_accuracy": [
      0.7266666666666667,
      0.8266666666666667,
      0.82,
      0.8433333333333334,
      0.8566666666666667
    ]
  }
}