{
  "depth_1": {
    "train_loss": [
      2.221762367884318,
      2.1275347232818604,
      2.038932491938273,
      1.9536144495010377,
      1.8733431148529052
    ],
    "val_loss": [
      2.33921319325765,
      2.2437884839375815,
      2.152098108927409,
      2.064516169230143,
      1.9814808877309162
    ],
    "train_accuracy": [
      0.39,
      0.4,
      0.4141666666666667,
      0.42333333333333334,
      0.43416666666666665
    ],
    "val_accuracy": [
      0.33666666666666667,
      0.3466666666666667,
      0.3466666666666667,
      0.3566666666666667,
      0.36666666666666664
    ]
  },
  "depth_2": {
    "train_loss": [
      0.8990561127662658,
      0.7078079024950663,
      0.6124642769495646,
      0.5572549418608348,
      0.5199014166990916
    ],
    "val_loss": [
      0.9597228654225667,
      0.7741670234998067,
      0.6822540720303854,
      0.6358802564938864,
      0.6029046591122945
    ],
    "train_accuracy": [
      0.6175,
      0.7483333333333333,
      0.7925,
      0.7983333333333333,
      0.8158333333333333
    ],
    "val_accuracy": [
      0.5533333333333333,
      0.6966666666666667,
      0.7433333333333333,
      0.7533333333333333,
      0.7633333333333333
    ]
  },
  "depth_3": {
    "train_loss": [
      0.6838138302167257,
      0.523855855067571,
      0.4468363916873932,
      0.39591386477152507,
      0.3549941170215607
    ],
    "val_loss": [
      0.7038767369588216,
      0.5653737529118856,
      0.520927324295044,
      0.4825484569867452,
      0.47253377199172975
    ],
    "train_accuracy": [
      0.7616666666666667,
      0.8116666666666666,
      0.8458333333333333,
      0.8541666666666666,
      0.8758333333333334
    ],
    "val_accuracy": [
      0.7366666666666667,
      0.76,
      0.7833333333333333,
      0.7933333333333333,
      0.79
    ]
  },
  "depth_5": {
    "train_loss": [
      0.6341366632779439,
      0.45241424997647606,
      0.3478278982639313,
      0.2613633567094803,
      0.20007813076178232
    ],
    "val_loss": [
      0.679514954884847,
      0.5617799210548401,
      0.44963972091674803,
      0.4085645310084025,
      0.4089170511563619
    ],
    "train_accuracy": [
      0.7441666666666666,
      0.8175,
      0.875,
      0.9108333333333334,
      0.9366666666666666
    ],
    "val_accuracy": [
      0.7233333333333334,
      0.77,
      0.8133333333333334,
      0.8266666666666667,
      0.85
    ]
  },
  "depth_7": {
    "train_loss": [
      0.5438647882143657,
      0.38194313406944275,
      0.4162933846314748,
      0.23192267874876657,
      0.16658454338709514
    ],
    "val_loss": [
      0.5991640583674113,
      0.5201287746429444,
      0.5890845322608947,
      0.4317654208342234,
      0.44565478444099427
    ],
    "train_accuracy": [
      0.7866666666666666,
      0.8591666666666666,
      0.8383333333333334,
      0.9158333333333334,
      0.9433333333333334
    ],
    "val_accuracy": [
      0.7733333333333333,
      0.8066666666666666,
      0.75,
      0.8266666666666667,
      0.8233333333333334
    ]
  }
}