{
  "depth_1": {
    "train_accuracy": 0.43416666666666665,
    "val_accuracy": 0.36666666666666664,
    "test_accuracy": 0.47,
    "train_time": 0.17773850000230595,
    "params": 63
  },
  "depth_2": {
    "train_accuracy": 0.8158333333333333,
    "val_accuracy": 0.7633333333333333,
    "test_accuracy": 0.74,
    "train_time": 0.20685810000577476,
    "params": 3075
  },
  "depth_3": {
    "train_accuracy": 0.8758333333333334,
    "val_accuracy": 0.79,
    "test_accuracy": 0.8033333333333333,
    "train_time": 0.25083590000576805,
    "params": 19587
  },
  "depth_5": {
    "train_accuracy": 0.9366666666666666,
    "val_accuracy": 0.85,
    "test_accuracy": 0.8666666666666667,
    "train_time": 0.3093704000057187,
    "params": 52611
  },
  "depth_7": {
    "train_accuracy": 0.9433333333333334,
    "val_accuracy": 0.8233333333333334,
    "test_accuracy": 0.8433333333333334,
    "train_time": 0.3946793999930378,
    "params": 85635
  }
}