{
  "(128, 128, 128)": {
    "train_loss": [
      0.6251667221387227,
      0.46034207661946613,
      0.3655238167444865,
      0.30770478447278343,
      0.2563194026549657
    ],
    "val_loss": [
      0.6736880660057067,
      0.564224762916565,
      0.5133605146408081,
      0.4963188854853312,
      0.4782884685198466
    ],
    "train_accuracy": [
      0.77,
      0.82,
      0.8641666666666666,
      0.89,
      0.915
    ],
    "val_accuracy": [
      0.76,
      0.7733333333333333,
      0.7866666666666666,
      0.79,
      0.8166666666666667
    ]
  },
  "(256, 128, 64)": {
    "train_loss": [
      0.5965341206391652,
      0.43536262114842733,
      0.3606726551055908,
      0.29514480193456016,
      0.25485813518365225
    ],
    "val_loss": [
      0.6586694431304931,
      0.5291816329956055,
      0.476276539961497,
      0.40982426444689435,
      0.42096012433369956
    ],
    "train_accuracy": [
      0.7883333333333333,
      0.8341666666666666,
      0.8691666666666666,
      0.89,
      0.9066666666666666
    ],
    "val_accuracy": [
      0.74,
      0.78,
      0.8,
      0.82,
      0.8333333333333334
    ]
  },
  "(512, 256, 128)": {
    "train_loss": [
      0.4706296563148499,
      0.3386642281214396,
      0.2571222565571467,
      0.1888507318496704,
      0.15762979795535406
    ],
    "val_loss": [
      0.5600526777903239,
      0.44817578315734863,
      0.42799398104349773,
      0.41277243892351784,
      0.40342156171798704
    ],
    "train_accuracy": [
      0.8208333333333333,
      0.87,
      0.9066666666666666,
      0.9408333333333333,
      0.9541666666666667
    ],
    "val_accuracy": [
      0.77,
      0.8233333333333334,
      0.8233333333333334,
      0.8333333333333334,
      0.8233333333333334
    ]
  }
}