{
  "none": {
    "train_loss": [
      0.6270306364695231,
      0.45943917632102965,
      0.3569207759698232,
      0.29224048256874086,
      0.23469279686609903
    ],
    "val_loss": [
      0.6911228442192078,
      0.5711707337697347,
      0.5033434470494588,
      0.44618546883265175,
      0.4302696704864502
    ],
    "train_accuracy": [
      0.7775,
      0.8191666666666667,
      0.8708333333333333,
      0.8875,
      0.9225
    ],
    "val_accuracy": [
      0.7133333333333334,
      0.7533333333333333,
      0.7766666666666666,
      0.8266666666666667,
      0.82
    ]
  },
  "dropout_0.1": {
    "train_loss": [
      0.6477821000417073,
      0.49138802687327066,
      0.4127562995751699,
      0.3526159811019898,
      0.3002593247095744
    ],
    "val_loss": [
      0.698990797996521,
      0.5934084932009379,
      0.5110017879803975,
      0.47494972626368204,
      0.44014703591664633
    ],
    "train_accuracy": [
      0.7791666666666667,
      0.81,
      0.8383333333333334,
      0.8641666666666666,
      0.89
    ],
    "val_accuracy": [
      0.72,
      0.76,
      0.77,
      0.8133333333333334,
      0.83
    ]
  },
  "dropout_0.3": {
    "train_loss": [
      0.8791221674283346,
      0.6607101241747538,
      0.5201814818382263,
      0.4677338111400604,
      0.43865827083587644
    ],
    "val_loss": [
      0.8763674783706665,
      0.7109648736317953,
      0.5984908199310303,
      0.5560022521018982,
      0.5417142081260681
    ],
    "train_accuracy": [
      0.6841666666666667,
      0.7658333333333334,
      0.8091666666666667,
      0.8291666666666667,
      0.835
    ],
    "val_accuracy": [
      0.68,
      0.73,
      0.7733333333333333,
      0.78,
      0.79
    ]
  },
  "dropout_0.5": {
    "train_loss": [
      0.9782166481018066,
      0.9067834981282552,
      0.7954782064755758,
      0.6788062485059102,
      0.6073396627108256
    ],
    "val_loss": [
      0.9853498450915019,
      0.9208114631970723,
      0.8174067322413127,
      0.7158423709869385,
      0.6464692656199137
    ],
    "train_accuracy": [
      0.6316666666666667,
      0.7316666666666667,
      0.7541666666666667,
      0.7808333333333334,
      0.8091666666666667
    ],
    "val_accuracy": [
      0.5866666666666667,
      0.6833333333333333,
      0.7133333333333334,
      0.7266666666666667,
      0.7666666666666667
    ]
  },
  "batchnorm": {
    "train_loss": [
      0.5280517379442851,
      0.35340137441953023,
      0.27308032592137654,
      0.21805569370587666,
      0.17229973793029785
    ],
    "val_loss": [
      0.6298408277829488,
      0.5025781544049581,
      0.4586100339889526,
      0.43304092168807984,
      0.4218702467282613
    ],
    "train_accuracy": [
      0.8333333333333334,
      0.8941666666666667,
      0.935,
      0.9541666666666667,
      0.9741666666666666
    ],
    "val_accuracy": [
      0.7433333333333333,
      0.8,
      0.8,
      0.8233333333333334,
      0.8233333333333334
    ]
  },
  "dropout_bn": {
    "train_loss": [
      0.737347867488861,
      0.5676417211691539,
      0.4939639151096344,
      0.44531212250391644,
      0.4104602936903636
    ],
    "val_loss": [
      0.8041812348365783,
      0.6565542149543763,
      0.5820754718780518,
      0.5443351586659749,
      0.5195402805010477
    ],
    "train_accuracy": [
      0.7458333333333333,
      0.7983333333333333,
      0.8158333333333333,
      0.8375,
      0.8458333333333333
    ],
    "val_accuracy": [
      0.68,
      0.7366666666666667,
      0.76,
      0.7833333333333333,
      0.8133333333333334
    ]
  },
  "l2": {
    "train_loss": [
      0.6000697048505147,
      0.42941555500030515,
      0.34742769718170163,
      0.2880772229035695,
      0.2374979865550995
    ],
    "val_loss": [
      0.6677531886100769,
      0.5381838909784953,
      0.4704529110590617,
      0.4388602805137634,
      0.4184813483556112
    ],
    "train_accuracy": [
      0.7833333333333333,
      0.8391666666666666,
      0.875,
      0.8975,
      0.9216666666666666
    ],
    "val_accuracy": [
      0.7333333333333333,
      0.77,
      0.8033333333333333,
      0.81,
      0.83
    ]
  }
}